Tipo de Paralelização;Número de Threads;Tamanho da Entrada;Tempo de Computação Paralela (s);Tempo de I/O (s);Tempo Total (s);Média  da Computação Paralela;Intervalo de confiança;alfa;Desv.Padrão;tamanho;;;;;
OMP;1;16;0,000253;0,000034;0,000293;0,000326;12,14233871;0,05;19,59089389;10;;;;;
OMP;1;16;0,000249;0,000034;0,000288;;;;;;;;;;
OMP;1;16;0,000254;0,000033;0,000293;;;;;;;;;;
OMP;1;16;0,000249;0,000034;0,000289;;;;;;;;;;
OMP;1;16;0,000436;0,000063;0,000508;;;;;;;;;;
OMP;1;16;0,000437;0,000061;0,000508;;;;;;;;;;
OMP;1;16;0,000438;0,00006;0,000507;;;;;;;;;;
OMP;1;16;0,000436;0,000055;0,0005;;;;;;;;;;
OMP;1;16;0,000249;0,000034;0,00029;;;;;;;;;;
OMP;1;16;0,000256;0,000035;0,000297;;;;;;;;;;
;;;;;;;;;;;;;;;
OMP;1;32;0,000974;0,000041;0,00102;0,001250;;;;;;;;;
OMP;1;32;0,000994;0,000043;0,001042;;;;;;;;;;
OMP;1;32;0,000975;0,000044;0,001024;;;;;;;;;;
OMP;1;32;0,000979;0,000041;0,001025;;;;;;;;;;
OMP;1;32;0,000994;0,000041;0,001042;;;;;;;;;;
OMP;1;32;0,000974;0,000041;0,00102;;;;;;;;;;
OMP;1;32;0,001946;0,000087;0,002044;;;;;;;;;;
OMP;1;32;0,001957;0,000081;0,002047;;;;;;;;;;
OMP;1;32;0,001725;0,000069;0,001805;;;;;;;;;;
OMP;1;32;0,000981;0,000047;0,001034;;;;;;;;;;
;;;;;;;;;;;;;;;
OMP;1;64;0,005673;0,000155;0,005835;0,004779;;;;;;;;;
OMP;1;64;0,007236;0,000155;0,007402;;;;;;;;;;
OMP;1;64;0,003918;0,000141;0,004064;;;;;;;;;;
OMP;1;64;0,003833;0,000091;0,00393;;;;;;;;;;
OMP;1;64;0,00383;0,000088;0,003924;;;;;;;;;;
OMP;1;64;0,003843;0,000089;0,003938;;;;;;;;;;
OMP;1;64;0,003836;0,000087;0,003928;;;;;;;;;;
OMP;1;64;0,003836;0,000088;0,003929;;;;;;;;;;
OMP;1;64;0,007938;0,000194;0,008142;;;;;;;;;;
OMP;1;64;0,003848;0,000085;0,003938;;;;;;;;;;
;;;;;;;;;;;;;;;
OMP;1;128;0,020936;0,000258;0,021203;0,017021;;;;;;;;;
OMP;1;128;0,015235;0,000247;0,015488;;;;;;;;;;
OMP;1;128;0,019212;0,000263;0,019483;;;;;;;;;;
OMP;1;128;0,015246;0,000248;0,015499;;;;;;;;;;
OMP;1;128;0,015292;0,000251;0,015549;;;;;;;;;;
OMP;1;128;0,02049;0,000263;0,020762;;;;;;;;;;
OMP;1;128;0,015248;0,000282;0,015537;;;;;;;;;;
OMP;1;128;0,01528;0,000249;0,015535;;;;;;;;;;
OMP;1;128;0,015246;0,000251;0,015503;;;;;;;;;;
OMP;1;128;0,018024;0,000252;0,018286;;;;;;;;;;
;;;;;;;;;;;;;;;
OMP;1;256;0,061102;0,000929;0,062038;0,062552;;;;;;;;;
OMP;1;256;0,06088;0,000911;0,061799;;;;;;;;;;
OMP;1;256;0,060836;0,000908;0,061751;;;;;;;;;;
OMP;1;256;0,063393;0,000909;0,064309;;;;;;;;;;
OMP;1;256;0,061073;0,000908;0,06199;;;;;;;;;;
OMP;1;256;0,061223;0,000912;0,062145;;;;;;;;;;
OMP;1;256;0,067663;0,000921;0,068594;;;;;;;;;;
OMP;1;256;0,06294;0,000909;0,063857;;;;;;;;;;
OMP;1;256;0,065453;0,000909;0,066369;;;;;;;;;;
OMP;1;256;0,060953;0,000912;0,061872;;;;;;;;;;
;;;;;;;;;;;;;;;
OMP;1;512;0,250827;0,00357;0,254412;0,246188;;;;;;;;;
OMP;1;512;0,244059;0,003466;0,247539;;;;;;;;;;
OMP;1;512;0,245941;0,003962;0,249916;;;;;;;;;;
OMP;1;512;0,249993;0,003551;0,253561;;;;;;;;;;
OMP;1;512;0,244142;0,00352;0,247675;;;;;;;;;;
OMP;1;512;0,250946;0,003739;0,254701;;;;;;;;;;
OMP;1;512;0,243197;0,003638;0,246848;;;;;;;;;;
OMP;1;512;0,243227;0,003546;0,246785;;;;;;;;;;
OMP;1;512;0,245781;0,003533;0,249329;;;;;;;;;;
OMP;1;512;0,243765;0,003954;0,247732;;;;;;;;;;
;;;;;;;;;;;;;;;
OMP;1;1024;0,973267;0,014055;0,987337;0,976208;;;;;;;;;
OMP;1;1024;0,972877;0,013993;0,986882;;;;;;;;;;
OMP;1;1024;0,975671;0,013989;0,989677;;;;;;;;;;
OMP;1;1024;0,977603;0,014025;0,991644;;;;;;;;;;
OMP;1;1024;0,981323;0,014044;0,995385;;;;;;;;;;
OMP;1;1024;0,98307;0,015406;0,998493;;;;;;;;;;
OMP;1;1024;0,972649;0,015295;0,987959;;;;;;;;;;
OMP;1;1024;0,975162;0,015644;0,990821;;;;;;;;;;
OMP;1;1024;0,972857;0,015618;0,988492;;;;;;;;;;
OMP;1;1024;0,977601;0,013988;0,991604;;;;;;;;;;
;;;;;;;;;;;;;;;
OMP;1;2048;3,892319;0,082857;3,975193;3,901372;;;;;;;;;
OMP;1;2048;3,89238;0,074981;3,967378;;;;;;;;;;
OMP;1;2048;3,89934;0,078169;3,977529;;;;;;;;;;
OMP;1;2048;3,902151;0,077003;3,979174;;;;;;;;;;
OMP;1;2048;3,901082;0,072982;3,974084;;;;;;;;;;
OMP;1;2048;3,893053;0,072401;3,965474;;;;;;;;;;
OMP;1;2048;3,917159;0,076667;3,993845;;;;;;;;;;
OMP;1;2048;3,894947;0,075048;3,97001;;;;;;;;;;
OMP;1;2048;3,906162;0,072438;3,978621;;;;;;;;;;
OMP;1;2048;3,915125;0,072622;3,987765;;;;;;;;;;
;;;;;;;;;;;;;;;
OMP;1;4096;15,664176;0,328467;15,992664;15,620244;;;;;;;;;
OMP;1;4096;15,692803;0,333482;16,026307;;;;;;;;;;
OMP;1;4096;15,613724;0,333542;15,947287;;;;;;;;;;
OMP;1;4096;15,60677;0,348104;15,954895;;;;;;;;;;
OMP;1;4096;15,632684;0,318153;15,950858;;;;;;;;;;
OMP;1;4096;15,565764;0,327826;15,893611;;;;;;;;;;
OMP;1;4096;15,624947;0,32634;15,951308;;;;;;;;;;
OMP;1;4096;15,56102;0,329856;15,890899;;;;;;;;;;
OMP;1;4096;15,638762;0,327434;15,966218;;;;;;;;;;
OMP;1;4096;15,601787;0,323913;15,925721;;;;;;;;;;
;;;;;;;;;;;;;;;
OMP;1;8192;62,294668;1,452525;63,747211;62,334871;;;;;;;;;
OMP;1;8192;62,230591;1,366738;63,597348;;;;;;;;;;
OMP;1;8192;62,453914;1,370483;63,824416;;;;;;;;;;
OMP;1;8192;62,330938;1,233612;63,564568;;;;;;;;;;
OMP;1;8192;62,578098;1,345614;63,923733;;;;;;;;;;
OMP;1;8192;62,272798;1,397431;63,670242;;;;;;;;;;
OMP;1;8192;62,335431;1,345384;63,680837;;;;;;;;;;
OMP;1;8192;62,241462;1,364513;63,605995;;;;;;;;;;
OMP;1;8192;62,257746;1,396162;63,653926;;;;;;;;;;
OMP;1;8192;62,353063;1,385604;63,738687;;;;;;;;;;
;;;;;;;;;;;;;;;
OMP;2;16;0,000258;0,000055;0,000322;0,000237;6,131111598;;9,892159953;;;;;;
OMP;2;16;0,000271;0,000033;0,000309;;;;;;;;;;
OMP;2;16;0,000298;0,000069;0,000376;;;;;;;;;;
OMP;2;16;0,000268;0,000078;0,000355;;;;;;;;;;
OMP;2;16;0,000238;0,000036;0,00028;;;;;;;;;;
OMP;2;16;0,000241;0,000033;0,00028;;;;;;;;;;
OMP;2;16;0,00024;0,000037;0,000282;;;;;;;;;;
OMP;2;16;0,000255;0,000066;0,00033;;;;;;;;;;
OMP;2;16;0,000149;0,000037;0,000192;;;;;;;;;;
OMP;2;16;0,000147;0,000033;0,000186;;;;;;;;;;
;;;;;;;;;;;;;;;
OMP;2;32;0,000521;0,000042;0,000568;0,000666;;;;;;;;;
OMP;2;32;0,0009;0,00007;0,000979;;;;;;;;;;
OMP;2;32;0,000907;0,000077;0,000993;;;;;;;;;;
OMP;2;32;0,000528;0,000043;0,000577;;;;;;;;;;
OMP;2;32;0,000517;0,000042;0,000565;;;;;;;;;;
OMP;2;32;0,000519;0,000041;0,000566;;;;;;;;;;
OMP;2;32;0,000523;0,000046;0,000574;;;;;;;;;;
OMP;2;32;0,000521;0,000046;0,000572;;;;;;;;;;
OMP;2;32;0,000861;0,000048;0,000915;;;;;;;;;;
OMP;2;32;0,000862;0,000047;0,000914;;;;;;;;;;
;;;;;;;;;;;;;;;
OMP;2;64;0,00395;0,00019;0,00415;0,002724;;;;;;;;;
OMP;2;64;0,003365;0,000096;0,003467;;;;;;;;;;
OMP;2;64;0,002847;0,00009;0,002945;;;;;;;;;;
OMP;2;64;0,003747;0,000101;0,003854;;;;;;;;;;
OMP;2;64;0,003204;0,00009;0,0033;;;;;;;;;;
OMP;2;64;0,001973;0,000091;0,002069;;;;;;;;;;
OMP;2;64;0,002214;0,00009;0,002309;;;;;;;;;;
OMP;2;64;0,002002;0,000095;0,002103;;;;;;;;;;
OMP;2;64;0,00197;0,000102;0,002078;;;;;;;;;;
OMP;2;64;0,001968;0,000091;0,002065;;;;;;;;;;
;;;;;;;;;;;;;;;
OMP;2;128;0,013348;0,000281;0,013639;0,008879;;;;;;;;;
OMP;2;128;0,007766;0,000267;0,008039;;;;;;;;;;
OMP;2;128;0,007714;0,000263;0,007982;;;;;;;;;;
OMP;2;128;0,012573;0,000512;0,013093;;;;;;;;;;
OMP;2;128;0,007742;0,000291;0,008039;;;;;;;;;;
OMP;2;128;0,007723;0,000269;0,007998;;;;;;;;;;
OMP;2;128;0,007735;0,000271;0,008012;;;;;;;;;;
OMP;2;128;0,007722;0,000275;0,008003;;;;;;;;;;
OMP;2;128;0,008735;0,000271;0,009012;;;;;;;;;;
OMP;2;128;0,00773;0,000268;0,008003;;;;;;;;;;
;;;;;;;;;;;;;;;
OMP;2;256;0,032031;0,000993;0,033031;0,033202;;;;;;;;;
OMP;2;256;0,030819;0,001006;0,031832;;;;;;;;;;
OMP;2;256;0,036458;0,000999;0,037467;;;;;;;;;;
OMP;2;256;0,032479;0,001016;0,033502;;;;;;;;;;
OMP;2;256;0,030798;0,001002;0,031807;;;;;;;;;;
OMP;2;256;0,030833;0,001004;0,031845;;;;;;;;;;
OMP;2;256;0,03546;0,000995;0,036464;;;;;;;;;;
OMP;2;256;0,034915;0,001561;0,03649;;;;;;;;;;
OMP;2;256;0,037573;0,001123;0,038704;;;;;;;;;;
OMP;2;256;0,030649;0,000995;0,031652;;;;;;;;;;
;;;;;;;;;;;;;;;
OMP;2;512;0,122701;0,003865;0,126582;0,125888;;;;;;;;;
OMP;2;512;0,123202;0,003874;0,127091;;;;;;;;;;
OMP;2;512;0,129009;0,00402;0,133045;;;;;;;;;;
OMP;2;512;0,123156;0,003853;0,127024;;;;;;;;;;
OMP;2;512;0,125136;0,003898;0,129049;;;;;;;;;;
OMP;2;512;0,128578;0,00391;0,132507;;;;;;;;;;
OMP;2;512;0,128397;0,003872;0,132284;;;;;;;;;;
OMP;2;512;0,127214;0,003894;0,131128;;;;;;;;;;
OMP;2;512;0,127856;0,003994;0,131865;;;;;;;;;;
OMP;2;512;0,123635;0,003844;0,127494;;;;;;;;;;
;;;;;;;;;;;;;;;
OMP;2;1024;0,497186;0,015184;0,512386;0,496009;;;;;;;;;
OMP;2;1024;0,493529;0,01626;0,509805;;;;;;;;;;
OMP;2;1024;0,493512;0,015458;0,508989;;;;;;;;;;
OMP;2;1024;0,494214;0,015397;0,509629;;;;;;;;;;
OMP;2;1024;0,49557;0,015241;0,510825;;;;;;;;;;
OMP;2;1024;0,49418;0,017139;0,511336;;;;;;;;;;
OMP;2;1024;0,503515;0,015539;0,519071;;;;;;;;;;
OMP;2;1024;0,490352;0,015227;0,505596;;;;;;;;;;
OMP;2;1024;0,502026;0,024494;0,526539;;;;;;;;;;
OMP;2;1024;ESTÁ FALTANDO UMA MEDIDA;;;;;;;;;;;;
;;;;;;;;;;;;;;;
OMP;2;2048;1,977442;0,091637;2,069098;1,974708;;;;;;;;;
OMP;2;2048;1,983297;0,078061;2,06138;;;;;;;;;;
OMP;2;2048;1,968257;0,399574;2,367849;;;;;;;;;;
OMP;2;2048;1,981581;0,101264;2,08287;;;;;;;;;;
OMP;2;2048;1,966726;0,083267;2,050015;;;;;;;;;;
OMP;2;2048;1,975943;0,09458;2,070544;;;;;;;;;;
OMP;2;2048;1,970474;0,081253;2,05175;;;;;;;;;;
OMP;2;2048;1,983182;0,078215;2,061418;;;;;;;;;;
OMP;2;2048;1,974696;0,081975;2,056692;;;;;;;;;;
OMP;2;2048;1,965482;0,083414;2,04892;;;;;;;;;;
;;;;;;;;;;;;;;;
OMP;2;4096;7,895774;0,372129;8,267921;7,880161;;;;;;;;;
OMP;2;4096;7,856583;0,346047;8,20265;;;;;;;;;;
OMP;2;4096;7,895892;0,347699;8,243608;;;;;;;;;;
OMP;2;4096;7,896611;0,357902;8,254537;;;;;;;;;;
OMP;2;4096;7,865204;0,399444;8,264668;;;;;;;;;;
OMP;2;4096;7,886855;0,349349;8,236226;;;;;;;;;;
OMP;2;4096;7,880078;0,357151;8,237251;;;;;;;;;;
OMP;2;4096;7,892657;0,355323;8,248003;;;;;;;;;;
OMP;2;4096;7,858289;0,346097;8,204405;;;;;;;;;;
OMP;2;4096;7,873664;0,344487;8,218173;;;;;;;;;;
;;;\;\;\;;;;;;;;;;
OMP;2;8192;31,383588;1,440005;32,823615;31,477514;;;;;;;;;
OMP;2;8192;31,549277;1,428262;32,97756;;;;;;;;;;
OMP;2;8192;31,462197;1,464637;32,926858;;;;;;;;;;
OMP;2;8192;31,479696;1,461581;32,941297;;;;;;;;;;
OMP;2;8192;31,553823;1,478767;33,032613;;;;;;;;;;
OMP;2;8192;31,481414;1,508664;32,9901;;;;;;;;;;
OMP;2;8192;31,499609;1,42522;32,92485;;;;;;;;;;
OMP;2;8192;31,475614;1,485187;32,96082;;;;;;;;;;
OMP;2;8192;31,459506;1,499798;32,959322;;;;;;;;;;
OMP;2;8192;31,430415;1,466478;32,896917;;;;;;;;;;
;;;;;;;;;;;;;;;
OMP;4;16;0,000224;0,000044;0,000273;0,000171;#DIV/0!;;#DIV/0!;;;;;;
OMP;4;16;0,000223;0,00007;0,000304;;;;;;;;;;
OMP;4;16;0,000187;0,000068;0,000265;;;;;;;;;;
OMP;4;16;0,000146;0,000037;0,000189;;;;;;;;;;
OMP;4;16;0,00014;0,000038;0,000184;;;;;;;;;;
OMP;4;16;0,000145;0,000038;0,000188;;;;;;;;;;
OMP;4;16;0,000163;0,000041;0,00021;;;;;;;;;;
OMP;4;16;0,000199;0,000062;0,00027;;;;;;;;;;
OMP;4;16;0,000144;0,000037;0,000187;;;;;;;;;;
OMP;4;16;0,000141;0,000037;0,000184;;;;;;;;;;
;;;;;;;;;;;;;;;
OMP;4;32;0,000438;0,000054;0,000499;0,000381;;;;;;;;;
OMP;4;32;0,000586;0,000084;0,00068;;;;;;;;;;
OMP;4;32;0,000333;0,00005;0,000388;;;;;;;;;;
OMP;4;32;0,000335;0,00005;0,000391;;;;;;;;;;
OMP;4;32;0,000333;0,000051;0,00039;;;;;;;;;;
OMP;4;32;0,000434;0,00005;0,00049;;;;;;;;;;
OMP;4;32;0,000333;0,00005;0,000389;;;;;;;;;;
OMP;4;32;0,000336;0,000051;0,000392;;;;;;;;;;
OMP;4;32;0,000339;0,000052;0,000397;;;;;;;;;;
OMP;4;32;0,000341;0,000051;0,000399;;;;;;;;;;
;;;;;;;;;;;;;;;
OMP;4;64;0,001182;0,000112;0,0013;0,001399;;;;;;;;;
OMP;4;64;0,001489;0,000113;0,001609;;;;;;;;;;
OMP;4;64;0,002061;0,000119;0,002186;;;;;;;;;;
OMP;4;64;0,001202;0,000113;0,001321;;;;;;;;;;
OMP;4;64;0,001198;0,000113;0,001318;;;;;;;;;;
OMP;4;64;0,001215;0,000115;0,001334;;;;;;;;;;
OMP;4;64;0,002073;0,000202;0,002285;;;;;;;;;;
OMP;4;64;0,001181;0,000111;0,001297;;;;;;;;;;
OMP;4;64;0,001181;0,000113;0,0013;;;;;;;;;;
OMP;4;64;0,001209;0,000117;0,001332;;;;;;;;;;
;;;;;;;;;;;;;;;
OMP;4;128;0,004703;0,000338;0,005048;0,004846;;;;;;;;;
OMP;4;128;0,004628;0,00034;0,004975;;;;;;;;;;
OMP;4;128;0,004654;0,000349;0,005009;;;;;;;;;;
OMP;4;128;0,006218;0,000349;0,006574;;;;;;;;;;
OMP;4;128;0,004639;0,000344;0,004989;;;;;;;;;;
OMP;4;128;0,005036;0,000352;0,005396;;;;;;;;;;
OMP;4;128;0,004642;0,000347;0,004994;;;;;;;;;;
OMP;4;128;0,004662;0,000349;0,005018;;;;;;;;;;
OMP;4;128;0,004635;0,000348;0,004989;;;;;;;;;;
OMP;4;128;0,004647;0,000347;0,005001;;;;;;;;;;
;;;;;;;;;;;;;;;
OMP;4;256;0,01849;0,001298;0,019795;0,019425;;;;;;;;;
OMP;4;256;0,024265;0,0013;0,025574;;;;;;;;;;
OMP;4;256;0,018247;0,001275;0,019529;;;;;;;;;;
OMP;4;256;0,020928;0,001293;0,022228;;;;;;;;;;
OMP;4;256;0,018416;0,001283;0,019709;;;;;;;;;;
OMP;4;256;0,018478;0,001305;0,019791;;;;;;;;;;
OMP;4;256;0,018473;0,001304;0,019785;;;;;;;;;;
OMP;4;256;0,01952;0,001296;0,020826;;;;;;;;;;
OMP;4;256;0,018517;0,001293;0,019817;;;;;;;;;;
OMP;4;256;0,018916;0,001299;0,020223;;;;;;;;;;
;;;;;;;;;;;;;;;
OMP;4;512;0,077398;0,00386;0,081272;0,074919;;;;;;;;;
OMP;4;512;0,076679;0,003867;0,080563;;;;;;;;;;
OMP;4;512;0,073982;0,005003;0,078999;;;;;;;;;;
OMP;4;512;0,07408;0,005061;0,079154;;;;;;;;;;
OMP;4;512;0,073447;0,004967;0,078427;;;;;;;;;;
OMP;4;512;0,074793;0,003854;0,078664;;;;;;;;;;
OMP;4;512;0,073511;0,004989;0,078515;;;;;;;;;;
OMP;4;512;0,075379;0,005052;0,080447;;;;;;;;;;
OMP;4;512;0,07817;0,00392;0,082104;;;;;;;;;;
OMP;4;512;0,071753;0,006196;0,077962;;;;;;;;;;
;;;;;;;;;;;;;;;
OMP;4;1024;0,288254;0,015495;0,303768;0,288205;;;;;;;;;
OMP;4;1024;0,287672;0,024309;0,312001;;;;;;;;;;
OMP;4;1024;0,287221;0,015504;0,302742;;;;;;;;;;
OMP;4;1024;0,287672;0,016463;0,304155;;;;;;;;;;
OMP;4;1024;0,290519;0,016356;0,306893;;;;;;;;;;
OMP;4;1024;0,287462;0,017288;0,304768;;;;;;;;;;
OMP;4;1024;0,288261;0,015481;0,303761;;;;;;;;;;
OMP;4;1024;0,289958;0,015448;0,305424;;;;;;;;;;
OMP;4;1024;0,288146;0,015501;0,303666;;;;;;;;;;
OMP;4;1024;0,286887;0,015428;0,302335;;;;;;;;;;
;;;;;;;;;;;;;;;
OMP;4;2048;1.158.078;0,08653;1.244.629;#DIV/0!;;;;;;;;;
OMP;4;2048;1.162.466;0,084705;1.247.196;;;;;;;;;;
OMP;4;2048;1.157.457;0,088582;1.246.056;;;;;;;;;;
OMP;4;2048;1.162.179;0,086478;1.248.676;;;;;;;;;;
OMP;4;2048;1.165.748;0,082622;1.248.392;;;;;;;;;;
OMP;4;2048;1.164.360;0,097602;1.261.985;;;;;;;;;;
OMP;4;2048;1.155.001;0,079516;1.234.539;;;;;;;;;;
OMP;4;2048;1.159.296;0,082814;1.242.133;;;;;;;;;;
OMP;4;2048;1.152.469;0,082694;1.235.188;;;;;;;;;;
OMP;4;2048;1.160.271;0,083548;1.243.842;;;;;;;;;;
;;;;;;;;;;;;;;;
OMP;4;4096;4.618.747;0,374649;4.993.415;#DIV/0!;;;;;;;;;
OMP;4;4096;4.602.943;0,340618;4.943.587;;;;;;;;;;
OMP;4;4096;4.596.399;0,369272;4.965.690;;;;;;;;;;
OMP;4;4096;4.608.913;0,33279;4.941.723;;;;;;;;;;
OMP;4;4096;4.592.509;0,341469;4.934.002;;;;;;;;;;
OMP;4;4096;4.598.933;4.295.106;8.894.059;;;;;;;;;;
OMP;4;4096;4.606.772;0,340601;4.947.389;;;;;;;;;;
OMP;4;4096;4.607.425;0,332804;4.940.249;;;;;;;;;;
OMP;4;4096;4.594.483;0,390409;4.984.910;;;;;;;;;;
OMP;4;4096;4.611.288;0,33481;4.946.122;;;;;;;;;;
;;;;;;;;;;;;;;;
OMP;4;8192;18.325.727;1.478.340;19,804085;#DIV/0!;;;;;;;;;
OMP;4;8192;18.371.965;1.451.591;19,823577;;;;;;;;;;
OMP;4;8192;18.325.781;1.473.320;19,799121;;;;;;;;;;
OMP;4;8192;18.325.710;1.412.374;19,738107;;;;;;;;;;
OMP;4;8192;18.378.816;1.482.376;19,861212;;;;;;;;;;
OMP;4;8192;18.342.782;1.461.864;19,804668;;;;;;;;;;
OMP;4;8192;18.390.424;1.456.090;19,846538;;;;;;;;;;
OMP;4;8192;18.340.381;1.453.824;19,794222;;;;;;;;;;
OMP;4;8192;18.375.453;1.459.515;19,834991;;;;;;;;;;
OMP;4;8192;18.403.653;1.457.336;19,861008;;;;;;;;;;
OMP;;;;;;;;;;;;;;;
OMP;8;16;0,001556;0,000044;0,001605;0,002593;0,008875728;;0,014320425;;;;;;
OMP;8;16;0,003814;0,000067;0,003887;;;;;;;;;;
OMP;8;16;0,004754;0,000054;0,004814;;;;;;;;;;
OMP;8;16;0,000536;0,000042;0,000584;;;;;;;;;;
OMP;8;16;0,000175;0,000049;0,000229;;;;;;;;;;
OMP;8;16;0,000513;0,000055;0,000574;;;;;;;;;;
OMP;8;16;0,000146;0,000049;0,0002;;;;;;;;;;
OMP;8;16;0,000319;0,000055;0,00038;;;;;;;;;;
OMP;8;16;0,009425;0,000053;0,009485;;;;;;;;;;
OMP;8;16;0,00469;0,000042;0,004738;;;;;;;;;;
OMP;;;;;;;;;;;;;;;
OMP;8;32;0,000831;0,000062;0,000899;0,002502;;;;;;;;;
OMP;8;32;0,000244;0,000062;0,000311;;;;;;;;;;
OMP;8;32;0,000516;0,000057;0,000578;;;;;;;;;;
OMP;8;32;0,004911;0,00007;0,004986;;;;;;;;;;
OMP;8;32;0,009571;0,000079;0,009657;;;;;;;;;;
OMP;8;32;0,002947;0,000055;0,003008;;;;;;;;;;
OMP;8;32;0,000248;0,000057;0,00031;;;;;;;;;;
OMP;8;32;0,000633;0,000078;0,000717;;;;;;;;;;
OMP;8;32;0,004862;0,000068;0,004935;;;;;;;;;;
OMP;8;32;0,000254;0,000055;0,000315;;;;;;;;;;
OMP;;;;;;;;;;;;;;;
OMP;8;64;0,00415;0,000125;0,00428;0,003583;;;;;;;;;
OMP;8;64;0,000698;0,002359;0,003063;;;;;;;;;;
OMP;8;64;0,002799;0,000161;0,002966;;;;;;;;;;
OMP;8;64;0,004819;0,000136;0,00496;;;;;;;;;;
OMP;8;64;0,010406;0,000138;0,01055;;;;;;;;;;
OMP;8;64;0,000742;0,00014;0,000887;;;;;;;;;;
OMP;8;64;0,00069;0,000116;0,000811;;;;;;;;;;
OMP;8;64;0,010118;0,000136;0,01026;;;;;;;;;;
OMP;8;64;0,000706;0,002303;0,003015;;;;;;;;;;
OMP;8;64;0,0007;0,000131;0,000838;;;;;;;;;;
OMP;;;;;;;;;;;;;;;
OMP;8;128;0,00712;0,00036;0,007485;0,004584;;;;;;;;;
OMP;8;128;0,002499;0,000355;0,00286;;;;;;;;;;
OMP;8;128;0,006395;0,000362;0,006763;;;;;;;;;;
OMP;8;128;0,003166;0,000362;0,003534;;;;;;;;;;
OMP;8;128;0,002999;0,001794;0,004806;;;;;;;;;;
OMP;8;128;0,002486;0,000358;0,00285;;;;;;;;;;
OMP;8;128;0,007177;0,000393;0,007576;;;;;;;;;;
OMP;8;128;0,003956;0,000376;0,004338;;;;;;;;;;
OMP;8;128;0,007196;0,000408;0,00761;;;;;;;;;;
OMP;8;128;0,00285;0,000404;0,00326;;;;;;;;;;
OMP;;;;;;;;;;;;;;;
OMP;8;256;0,019733;0,001593;0,021334;0,018720;;;;;;;;;
OMP;8;256;0,01911;0,001466;0,020584;;;;;;;;;;
OMP;8;256;0,022938;0,002048;0,024995;;;;;;;;;;
OMP;8;256;0,014457;0,001494;0,01596;;;;;;;;;;
OMP;8;256;0,014517;0,001499;0,016023;;;;;;;;;;
OMP;8;256;0,018491;0,005706;0,024204;;;;;;;;;;
OMP;8;256;0,01497;0,001371;0,016348;;;;;;;;;;
OMP;8;256;0,020794;0,001148;0,02195;;;;;;;;;;
OMP;8;256;0,021762;0,001609;0,023379;;;;;;;;;;
OMP;8;256;0,020429;0,00152;0,021957;;;;;;;;;;
OMP;;;;;;;;;;;;;;;
OMP;8;512;0,039326;0,006923;0,046265;0,046339;;;;;;;;;
OMP;8;512;0,05125;0,005453;0,056717;;;;;;;;;;
OMP;8;512;0,049089;0,005128;0,054232;;;;;;;;;;
OMP;8;512;0,059445;0,009267;0,068727;;;;;;;;;;
omp;8;512;0,04256;0,005517;0,048093;;;;;;;;;;
omp;8;512;0,044628;0,00692;0,051576;;;;;;;;;;
omp;8;512;0,039521;0,005841;0,045377;;;;;;;;;;
omp;8;512;0,041681;0,005581;0,047277;;;;;;;;;;
omp;8;512;0,041053;0,005661;0,04673;;;;;;;;;;
omp;8;512;0,054835;0,008128;0,062978;;;;;;;;;;
OMP;;;;;;;;;;;;;;;
OMP;4;16;0,000224;0,000044;0,000273;0,000171;;;;;;;;;
OMP;4;16;0,000223;0,00007;0,000304;;;;;;;;;;
OMP;4;16;0,000187;0,000068;0,000265;;;;;;;;;;
OMP;4;16;0,000146;0,000037;0,000189;;;;;;;;;;
OMP;4;16;0,00014;0,000038;0,000184;;;;;;;;;;
OMP;4;16;0,000145;0,000038;0,000188;;;;;;;;;;
OMP;4;16;0,000163;0,000041;0,00021;;;;;;;;;;
OMP;4;16;0,000199;0,000062;0,00027;;;;;;;;;;
OMP;4;16;0,000144;0,000037;0,000187;;;;;;;;;;
OMP;4;16;0,000141;0,000037;0,000184;;;;;;;;;;
OMP;;;;;;;;;;;;;;;
OMP;4;32;0,000438;0,000054;0,000499;0,000381;;;;;;;;;
OMP;4;32;0,000586;0,000084;0,00068;;;;;;;;;;
OMP;4;32;0,000333;0,00005;0,000388;;;;;;;;;;
OMP;4;32;0,000335;0,00005;0,000391;;;;;;;;;;
OMP;4;32;0,000333;0,000051;0,00039;;;;;;;;;;
OMP;4;32;0,000434;0,00005;0,00049;;;;;;;;;;
OMP;4;32;0,000333;0,00005;0,000389;;;;;;;;;;
OMP;4;32;0,000336;0,000051;0,000392;;;;;;;;;;
OMP;4;32;0,000339;0,000052;0,000397;;;;;;;;;;
OMP;4;32;0,000341;0,000051;0,000399;;;;;;;;;;
OMP;;;;;;;;;;;;;;;
OMP;4;64;0,001182;0,000112;0,0013;0,001399;;;;;;;;;
OMP;4;64;0,001489;0,000113;0,001609;;;;;;;;;;
OMP;4;64;0,002061;0,000119;0,002186;;;;;;;;;;
OMP;4;64;0,001202;0,000113;0,001321;;;;;;;;;;
OMP;4;64;0,001198;0,000113;0,001318;;;;;;;;;;
OMP;4;64;0,001215;0,000115;0,001334;;;;;;;;;;
OMP;4;64;0,002073;0,000202;0,002285;;;;;;;;;;
OMP;4;64;0,001181;0,000111;0,001297;;;;;;;;;;
OMP;4;64;0,001181;0,000113;0,0013;;;;;;;;;;
OMP;4;64;0,001209;0,000117;0,001332;;;;;;;;;;
OMP;;;;;;;;;;;;;;;
OMP;4;128;0,004703;0,000338;0,005048;0,004846;;;;;;;;;
OMP;4;128;0,004628;0,00034;0,004975;;;;;;;;;;
OMP;4;128;0,004654;0,000349;0,005009;;;;;;;;;;
OMP;4;128;0,006218;0,000349;0,006574;;;;;;;;;;
OMP;4;128;0,004639;0,000344;0,004989;;;;;;;;;;
OMP;4;128;0,005036;0,000352;0,005396;;;;;;;;;;
OMP;4;128;0,004642;0,000347;0,004994;;;;;;;;;;
OMP;4;128;0,004662;0,000349;0,005018;;;;;;;;;;
OMP;4;128;0,004635;0,000348;0,004989;;;;;;;;;;
OMP;4;128;0,004647;0,000347;0,005001;;;;;;;;;;
OMP;;;;;;;;;;;;;;;
OMP;4;256;0,01849;0,001298;0,019795;0,019425;3,575629373;;5,769051359;;;;;;
OMP;4;256;0,024265;0,0013;0,025574;;;;;;;;;;
OMP;4;256;0,018247;0,001275;0,019529;;;;;;;;;;
OMP;4;256;0,020928;0,001293;0,022228;;;;;;;;;;
OMP;4;256;0,018416;0,001283;0,019709;;;;;;;;;;
OMP;4;256;0,018478;0,001305;0,019791;;;;;;;;;;
OMP;4;256;0,018473;0,001304;0,019785;;;;;;;;;;
OMP;4;256;0,01952;0,001296;0,020826;;;;;;;;;;
OMP;4;256;0,018517;0,001293;0,019817;;;;;;;;;;
OMP;4;256;0,018916;0,001299;0,020223;;;;;;;;;;
OMP;;;;;;;;;;;;;;;
OMP;4;512;0,077398;0,00386;0,081272;0,074919;;;;;;;;;
OMP;4;512;0,076679;0,003867;0,080563;;;;;;;;;;
OMP;4;512;0,073982;0,005003;0,078999;;;;;;;;;;
OMP;4;512;0,07408;0,005061;0,079154;;;;;;;;;;
OMP;4;512;0,073447;0,004967;0,078427;;;;;;;;;;
OMP;4;512;0,074793;0,003854;0,078664;;;;;;;;;;
OMP;4;512;0,073511;0,004989;0,078515;;;;;;;;;;
OMP;4;512;0,075379;0,005052;0,080447;;;;;;;;;;
OMP;4;512;0,07817;0,00392;0,082104;;;;;;;;;;
OMP;4;512;0,071753;0,006196;0,077962;;;;;;;;;;
OMP;;;;;;;;;;;;;;;
OMP;4;1024;0,288254;0,015495;0,303768;0,288205;;;;;;;;;
OMP;4;1024;0,287672;0,024309;0,312001;;;;;;;;;;
OMP;4;1024;0,287221;0,015504;0,302742;;;;;;;;;;
OMP;4;1024;0,287672;0,016463;0,304155;;;;;;;;;;
OMP;4;1024;0,290519;0,016356;0,306893;;;;;;;;;;
OMP;4;1024;0,287462;0,017288;0,304768;;;;;;;;;;
OMP;4;1024;0,288261;0,015481;0,303761;;;;;;;;;;
OMP;4;1024;0,289958;0,015448;0,305424;;;;;;;;;;
OMP;4;1024;0,288146;0,015501;0,303666;;;;;;;;;;
OMP;4;1024;0,286887;0,015428;0,302335;;;;;;;;;;
OMP;;;;;;;;;;;;;;;
OMP;4;2048;1,158078;0,08653;1,244629;1,159733;;;;;;;;;
OMP;4;2048;1,162466;0,084705;1,247196;;;;;;;;;;
OMP;4;2048;1,157457;0,088582;1,246056;;;;;;;;;;
OMP;4;2048;1,162179;0,086478;1,248676;;;;;;;;;;
OMP;4;2048;1,165748;0,082622;1,248392;;;;;;;;;;
OMP;4;2048;1,16436;0,097602;1,261985;;;;;;;;;;
OMP;4;2048;1,155001;0,079516;1,234539;;;;;;;;;;
OMP;4;2048;1,159296;0,082814;1,242133;;;;;;;;;;
OMP;4;2048;1,152469;0,082694;1,235188;;;;;;;;;;
OMP;4;2048;1,160271;0,083548;1,243842;;;;;;;;;;
OMP;;;;;;;;;;;;;;;
OMP;4;4096;4,618747;0,374649;4,993415;4,603841;;;;;;;;;
OMP;4;4096;4,602943;0,340618;4,943587;;;;;;;;;;
OMP;4;4096;4,596399;0,369272;4,96569;;;;;;;;;;
OMP;4;4096;4,608913;0,33279;4,941723;;;;;;;;;;
OMP;4;4096;4,592509;0,341469;4,934002;;;;;;;;;;
OMP;4;4096;4,598933;4,295106;8,894059;;;;;;;;;;
OMP;4;4096;4,606772;0,340601;4,947389;;;;;;;;;;
OMP;4;4096;4,607425;0,332804;4,940249;;;;;;;;;;
OMP;4;4096;4,594483;0,390409;4,98491;;;;;;;;;;
OMP;4;4096;4,611288;0,33481;4,946122;;;;;;;;;;
OMP;;;;;;;;;;;;;;;
OMP;4;8192;18,325727;1,47834;19,804085;18,358069;;;;;;;;;
OMP;4;8192;18,371965;1,451591;19,823577;;;;;;;;;;
OMP;4;8192;18,325781;1,47332;19,799121;;;;;;;;;;
OMP;4;8192;18,32571;1,412374;19,738107;;;;;;;;;;
OMP;4;8192;18,378816;1,482376;19,861212;;;;;;;;;;
OMP;4;8192;18,342782;1,461864;19,804668;;;;;;;;;;
OMP;4;8192;18,390424;1,45609;19,846538;;;;;;;;;;
OMP;4;8192;18,340381;1,453824;19,794222;;;;;;;;;;
OMP;4;8192;18,375453;1,459515;19,834991;;;;;;;;;;
OMP;4;8192;18,403653;1,457336;19,861008;;;;;;;;;;
OMP;;;;;;;;;;;;;;;
OMP;8;16;0,001556;0,000044;0,001605;0,002593;;;;;;;;;
OMP;8;16;0,003814;0,000067;0,003887;;;;;;;;;;
OMP;8;16;0,004754;0,000054;0,004814;;;;;;;;;;
OMP;8;16;0,000536;0,000042;0,000584;;;;;;;;;;
OMP;8;16;0,000175;0,000049;0,000229;;;;;;;;;;
OMP;8;16;0,000513;0,000055;0,000574;;;;;;;;;;
OMP;8;16;0,000146;0,000049;0,0002;;;;;;;;;;
OMP;8;16;0,000319;0,000055;0,00038;;;;;;;;;;
OMP;8;16;0,009425;0,000053;0,009485;;;;;;;;;;
OMP;8;16;0,00469;0,000042;0,004738;;;;;;;;;;
OMP;;;;;;;;;;;;;;;
OMP;8;32;0,000831;0,000062;0,000899;0,002502;;;;;;;;;
OMP;8;32;0,000244;0,000062;0,000311;;;;;;;;;;
OMP;8;32;0,000516;0,000057;0,000578;;;;;;;;;;
OMP;8;32;0,004911;0,00007;0,004986;;;;;;;;;;
OMP;8;32;0,009571;0,000079;0,009657;;;;;;;;;;
OMP;8;32;0,002947;0,000055;0,003008;;;;;;;;;;
OMP;8;32;0,000248;0,000057;0,00031;;;;;;;;;;
OMP;8;32;0,000633;0,000078;0,000717;;;;;;;;;;
OMP;8;32;0,004862;0,000068;0,004935;;;;;;;;;;
OMP;8;32;0,000254;0,000055;0,000315;;;;;;;;;;
OMP;;;;;;;;;;;;;;;
OMP;8;64;0,00415;0,000125;0,00428;0,003583;;;;;;;;;
OMP;8;64;0,000698;0,002359;0,003063;;;;;;;;;;
OMP;8;64;0,002799;0,000161;0,002966;;;;;;;;;;
OMP;8;64;0,004819;0,000136;0,00496;;;;;;;;;;
OMP;8;64;0,010406;0,000138;0,01055;;;;;;;;;;
OMP;8;64;0,000742;0,00014;0,000887;;;;;;;;;;
OMP;8;64;0,00069;0,000116;0,000811;;;;;;;;;;
OMP;8;64;0,010118;0,000136;0,01026;;;;;;;;;;
OMP;8;64;0,000706;0,002303;0,003015;;;;;;;;;;
OMP;8;64;0,0007;0,000131;0,000838;;;;;;;;;;
OMP;;;;;;;;;;;;;;;
OMP;8;128;0,00712;0,00036;0,007485;0,004584;;;;;;;;;
OMP;8;128;0,002499;0,000355;0,00286;;;;;;;;;;
OMP;8;128;0,006395;0,000362;0,006763;;;;;;;;;;
OMP;8;128;0,003166;0,000362;0,003534;;;;;;;;;;
OMP;8;128;0,002999;0,001794;0,004806;;;;;;;;;;
OMP;8;128;0,002486;0,000358;0,00285;;;;;;;;;;
OMP;8;128;0,007177;0,000393;0,007576;;;;;;;;;;
OMP;8;128;0,003956;0,000376;0,004338;;;;;;;;;;
OMP;8;128;0,007196;0,000408;0,00761;;;;;;;;;;
OMP;8;128;0,00285;0,000404;0,00326;;;;;;;;;;
OMP;;;;;;;;;;;;;;;
OMP;8;256;0,019733;0,001593;0,021334;0,018720;1,968978593;;3,17682216;;;;;;
OMP;8;256;0,01911;0,001466;0,020584;;;;;;;;;;
OMP;8;256;0,022938;0,002048;0,024995;;;;;;;;;;
OMP;8;256;0,014457;0,001494;0,01596;;;;;;;;;;
OMP;8;256;0,014517;0,001499;0,016023;;;;;;;;;;
OMP;8;256;0,018491;0,005706;0,024204;;;;;;;;;;
OMP;8;256;0,01497;0,001371;0,016348;;;;;;;;;;
OMP;8;256;0,020794;0,001148;0,02195;;;;;;;;;;
OMP;8;256;0,021762;0,001609;0,023379;;;;;;;;;;
OMP;8;256;0,020429;0,00152;0,021957;;;;;;;;;;
OMP;;;;;;;;;;;;;;;
OMP;8;512;0,039326;0,006923;0,046265;0,046339;;;;;;;;;
OMP;8;512;0,05125;0,005453;0,056717;;;;;;;;;;
OMP;8;512;0,049089;0,005128;0,054232;;;;;;;;;;
OMP;8;512;0,059445;0,009267;0,068727;;;;;;;;;;
OMP;8;512;0,04256;0,005517;0,048093;;;;;;;;;;
OMP;8;512;0,044628;0,00692;0,051576;;;;;;;;;;
OMP;8;512;0,039521;0,005841;0,045377;;;;;;;;;;
OMP;8;512;0,041681;0,005581;0,047277;;;;;;;;;;
OMP;8;512;0,041053;0,005661;0,04673;;;;;;;;;;
OMP;8;512;0,054835;0,008128;0,062978;;;;;;;;;;
;;;;;;;;;;;;;;;
OMP;8;1024;0,170697;0,028645;0,199363;0,170185;;;;;;;;;
OMP;8;1024;0,161483;0,017174;0,178676;;;;;;;;;;
OMP;8;1024;0,17752;0,018556;0,196092;;;;;;;;;;
OMP;8;1024;0,161661;0,020647;0,182336;;;;;;;;;;
OMP;8;1024;0,183497;0,019733;0,203248;;;;;;;;;;
OMP;8;1024;0,17105;0,016589;0,187657;;;;;;;;;;
OMP;8;1024;0,159947;0,017925;0,177889;;;;;;;;;;
OMP;8;1024;0,177935;0,017969;0,195922;;;;;;;;;;
OMP;8;1024;0,169196;0,021625;0,19084;;;;;;;;;;
OMP;8;1024;0,168862;0,016664;0,185544;;;;;;;;;;
;;;;;;;;;;;;;;;
OMP;8;2048;0,64551;0,103787;0,749313;0,642628;;;;;;;;;
OMP;8;2048;0,640725;0,080007;0,720753;;;;;;;;;;
OMP;8;2048;0,642129;0,084961;0,727113;;;;;;;;;;
OMP;8;2048;0,65161;0,084273;0,735905;;;;;;;;;;
OMP;8;2048;0,644649;0,082439;0,727107;;;;;;;;;;
OMP;8;2048;0,635913;0,079943;0,715879;;;;;;;;;;
OMP;8;2048;0,648704;0,079558;0,728282;;;;;;;;;;
OMP;8;2048;0,644829;0,084391;0,729243;;;;;;;;;;
OMP;8;2048;0,638232;0,080398;0,718651;;;;;;;;;;
OMP;8;2048;0,633982;0,085878;0,719879;;;;;;;;;;
;;;;;;;;;;;;;;;
OMP;8;4096;2,535491;0,362593;2,898106;2,539958;;;;;;;;;
OMP;8;4096;2,555279;0,39646;2,951763;;;;;;;;;;
OMP;8;4096;2,534611;0,347837;2,88247;;;;;;;;;;
OMP;8;4096;2,53602;0,361581;2,897623;;;;;;;;;;
OMP;8;4096;2,531071;0,360777;2,891869;;;;;;;;;;
OMP;8;4096;2,560303;0,362686;2,923012;;;;;;;;;;
OMP;8;4096;2,542488;0,349105;2,891608;;;;;;;;;;
OMP;8;4096;2,536829;0,358814;2,895661;;;;;;;;;;
OMP;8;4096;2,539022;0,359528;2,89857;;;;;;;;;;
OMP;8;4096;2,52847;0,360286;2,888778;;;;;;;;;;
;;;;;;;;;;;;;;;
OMP;8;8192;10,133161;1,475466;11,608647;10,112774;;;;;;;;;
OMP;8;8192;10,120282;1,514561;11,634866;;;;;;;;;;
OMP;8;8192;10,105686;1,438668;11,544375;;;;;;;;;;
OMP;8;8192;10,100177;4,240124;14,340317;;;;;;;;;;
OMP;8;8192;10,136189;1,470138;11,606346;;;;;;;;;;
OMP;8;8192;10,124395;1,439096;11,563514;;;;;;;;;;
OMP;8;8192;10,132128;1,441646;11,573795;;;;;;;;;;
OMP;8;8192;10,106249;1,548739;11,655008;;;;;;;;;;
OMP;8;8192;10,092783;1,427694;11,5205;;;;;;;;;;
OMP;8;8192;10,076692;1,492017;11,568726;;;;;;;;;;
;;;;;;;;;;;;;;;
OMP;16;16;0,000709;0,000071;0,000787;0,000555;;;;;;;;;
OMP;16;16;0,000462;0,000041;0,000508;;;;;;;;;;
OMP;16;16;0,000579;0,000063;0,000652;;;;;;;;;;
OMP;16;16;0,000506;0,000066;0,000582;;;;;;;;;;
OMP;16;16;0,000533;0,000062;0,000605;;;;;;;;;;
OMP;16;16;0,000559;0,000036;0,000601;;;;;;;;;;
OMP;16;16;0,000368;0,000037;0,00041;;;;;;;;;;
OMP;16;16;0,000952;0,000067;0,001029;;;;;;;;;;
OMP;16;16;0,000448;0,00007;0,00053;;;;;;;;;;
OMP;16;16;0,000434;0,000063;0,000505;;;;;;;;;;
;;;;;;;;;;;;;;;
OMP;16;32;0,000868;0,000084;0,000961;0,001146;;;;;;;;;
OMP;16;32;0,001234;0,000076;0,001318;;;;;;;;;;
OMP;16;32;0,001434;0,000082;0,001526;;;;;;;;;;
OMP;16;32;0,001467;0,000056;0,001529;;;;;;;;;;
OMP;16;32;0,001073;0,000053;0,001131;;;;;;;;;;
OMP;16;32;0,00108;0,000057;0,001144;;;;;;;;;;
OMP;16;32;0,000896;0,000052;0,000953;;;;;;;;;;
OMP;16;32;0,001493;0,000107;0,001611;;;;;;;;;;
OMP;16;32;0,000831;0,000066;0,000905;;;;;;;;;;
OMP;16;32;0,001086;0,000085;0,001182;;;;;;;;;;
;;;;;;;;;;;;;;;
OMP;16;64;0,002182;0,00013;0,002321;0,002651;;;;;;;;;
OMP;16;64;0,002076;0,000159;0,002245;;;;;;;;;;
OMP;16;64;0,004132;0,000115;0,004253;;;;;;;;;;
OMP;16;64;0,002192;0,000107;0,002304;;;;;;;;;;
OMP;16;64;0,002819;0,00013;0,002955;;;;;;;;;;
OMP;16;64;0,00225;0,000101;0,002357;;;;;;;;;;
OMP;16;64;0,002848;0,000138;0,002997;;;;;;;;;;
OMP;16;64;0,002754;0,000179;0,002941;;;;;;;;;;
OMP;16;64;0,002505;0,000187;0,002701;;;;;;;;;;
OMP;16;64;0,002755;0,000102;0,002863;;;;;;;;;;
;;;;;;;;;;;;;;;
OMP;16;128;0,006442;0,000276;0,00673;0,005453;;;;;;;;;
OMP;16;128;0,005545;0,000324;0,00588;;;;;;;;;;
OMP;16;128;0,005295;0,000559;0,00587;;;;;;;;;;
OMP;16;128;0,006823;0,000279;0,007112;;;;;;;;;;
OMP;16;128;0,005108;0,00066;0,005776;;;;;;;;;;
OMP;16;128;0,00453;0,000346;0,004883;;;;;;;;;;
OMP;16;128;0,005937;0,00054;0,006486;;;;;;;;;;
OMP;16;128;0,005169;0,000472;0,005649;;;;;;;;;;
OMP;16;128;0,005475;0,000351;0,005835;;;;;;;;;;
OMP;16;128;0,004202;0,000279;0,004488;;;;;;;;;;
;;;;;;;;;;;;;;;
OMP;16;256;0,012703;0,001643;0,014357;;;;;;;;;;
OMP;16;256;0,014899;0,001054;0,015965;;;;;;;;;;
OMP;16;256;0,015253;0,002085;0,017348;;;;;;;;;;
OMP;16;256;0,014276;0,001587;0,015872;;;;;;;;;;
OMP;16;256;0,012665;0,001028;0,013702;;;;;;;;;;
OMP;16;256;0,014093;0,001034;0,015134;;;;;;;;;;
OMP;16;256;0,012806;0,001038;0,013854;;;;;;;;;;
OMP;16;256;0,01288;0,001009;0,013903;;;;;;;;;;
OMP;16;256;0,014033;0,001047;0,015097;;;;;;;;;;
OMP;16;256;0,014315;0,001169;0,015493;;;;;;;;;;
;;;;;;;;;;;;;;;
OMP;16;512;0,046281;0,003896;0,050191;;;;;;;;;;
OMP;16;512;0,05054;0,004554;0,05511;;;;;;;;;;
OMP;16;512;0,052724;0,003928;0,056668;;;;;;;;;;
OMP;16;512;0,046449;0,004438;0,050902;;;;;;;;;;
OMP;16;512;0,055592;0,004166;0,059776;;;;;;;;;;
OMP;16;512;0,049523;0,004136;0,053673;;;;;;;;;;
OMP;16;512;0,050422;0,004528;0,054967;;;;;;;;;;
OMP;16;512;0,053629;0,007315;0,060961;;;;;;;;;;
OMP;16;512;0,049738;0,004412;0,054169;;;;;;;;;;
OMP;16;512;0,050872;0,004241;0,055129;;;;;;;;;;
;;;;;;;;;;;;;;;
OMP;16;1024;0,164543;0,021281;0,185848;;;;;;;;;;
OMP;16;1024;0,165541;0,019274;0,184835;;;;;;;;;;
OMP;16;1024;0,167528;0,021215;0,188764;;;;;;;;;;
OMP;16;1024;0,170343;0,015533;0,185898;;;;;;;;;;
OMP;16;1024;0,170577;0,015966;0,186566;;;;;;;;;;
OMP;16;1024;0,163691;0,017365;0,181076;;;;;;;;;;
OMP;16;1024;0,170359;0,015686;0,186063;;;;;;;;;;
OMP;16;1024;0,16229;0,015858;0,178162;;;;;;;;;;
OMP;16;1024;0,173474;0,01992;0,193414;;;;;;;;;;
OMP;16;1024;0,169222;0,015691;0,184932;;;;;;;;;;
;;;;;;;;;;;;;;;
OMP;16;2048;0,603754;0,567907;1,17169;;;;;;;;;;
OMP;16;2048;0,608193;0,095505;0,703725;;;;;;;;;;
OMP;16;2048;0,598179;0,079494;0,677695;;;;;;;;;;
OMP;16;2048;0,63991;0,085263;0,725192;;;;;;;;;;
OMP;16;2048;0,647443;0,085031;0,7325;;;;;;;;;;
OMP;16;2048;0,625088;0,084566;0,709679;;;;;;;;;;
OMP;16;2048;0,578897;0,104435;0,683357;;;;;;;;;;
OMP;16;2048;0,604648;0,100906;0,705578;;;;;;;;;;
OMP;16;2048;0,58193;0,092054;0,674009;;;;;;;;;;
OMP;16;2048;0,613085;0,08528;0,698394;;;;;;;;;;
;;;;;;;;;;;;;;;
OMP;16;4096;2,350943;1,923924;4,274891;;;;;;;;;;
OMP;16;4096;2,383258;0,329094;2,712371;;;;;;;;;;
OMP;16;4096;2,334539;0,355695;2,690258;;;;;;;;;;
OMP;16;4096;2,343672;2,117745;4,461439;;;;;;;;;;
OMP;16;4096;2,27172;0,362299;2,63404;;;;;;;;;;
OMP;16;4096;2,353294;0,351178;2,70449;;;;;;;;;;
OMP;16;4096;2,36801;2,117593;4,485631;;;;;;;;;;
OMP;16;4096;2,317558;0,374761;2,692338;;;;;;;;;;
OMP;16;4096;2,378782;0,346811;2,725616;;;;;;;;;;
OMP;16;4096;2,378726;3,705803;6,084553;;;;;;;;;;
;;;;;;;;;;;;;;;
OMP;16;8192;9,269814;1,468655;10,738492;;;;;;;;;;
OMP;16;8192;10,10237;1,49176;11,594148;;;;;;;;;;
OMP;16;8192;9,520521;1,517978;11,038519;;;;;;;;;;
OMP;16;8192;9,218607;1,547924;10,766552;;;;;;;;;;
OMP;16;8192;9,335569;1,507326;10,842915;;;;;;;;;;
OMP;16;8192;9,704084;1,493392;11,197497;;;;;;;;;;
OMP;16;8192;9,293855;1,504077;10,797956;;;;;;;;;;
OMP;16;8192;9,211242;1,491296;10,70256;;;;;;;;;;
OMP;16;8192;9,246931;1,441926;10,688881;;;;;;;;;;
OMP;16;8192;9,257257;1,487775;10,745055;;;;;;;;;;
;;;;;;;;;;;;;;;
OMP;32;16;0,004481;0,000077;0,004567;;;;;;;;;;
OMP;32;16;0,003301;0,000066;0,003375;;;;;;;;;;
OMP;32;16;0,004537;0,000092;0,004639;;;;;;;;;;
OMP;32;16;0,00273;0,00008;0,002818;;;;;;;;;;
OMP;32;16;0,005018;0,000082;0,005113;;;;;;;;;;
OMP;32;16;0,004281;0,000087;0,004378;;;;;;;;;;
OMP;32;16;0,003436;0,000075;0,003521;;;;;;;;;;
OMP;32;16;0,004302;0,000082;0,004395;;;;;;;;;;
OMP;32;16;0,00333;0,000051;0,003386;;;;;;;;;;
OMP;32;16;0,004637;0,000063;0,004709;;;;;;;;;;
;;;;;;;;;;;;;;;
OMP;32;32;0,001942;0,000064;0,002014;;;;;;;;;;
OMP;32;32;0,001902;0,000105;0,002025;;;;;;;;;;
OMP;32;32;0,000886;0,000073;0,000966;;;;;;;;;;
OMP;32;32;0,001222;0,000064;0,001295;;;;;;;;;;
OMP;32;32;0,001147;0,000057;0,00121;;;;;;;;;;
OMP;32;32;0,00178;0,000102;0,001892;;;;;;;;;;
OMP;32;32;0,00098;0,000101;0,001091;;;;;;;;;;
OMP;32;32;0,001124;0,000087;0,001219;;;;;;;;;;
OMP;32;32;0,001806;0,000095;0,001909;;;;;;;;;;
OMP;32;32;0,00111;0,000106;0,001226;;;;;;;;;;
;;;;;;;;;;;;;;;
OMP;32;64;0,003651;0,000199;0,003859;;;;;;;;;;
OMP;32;64;0,00341;0,000108;0,003524;;;;;;;;;;
OMP;32;64;0,002512;0,000189;0,002711;;;;;;;;;;
OMP;32;64;0,00183;0,00018;0,002021;;;;;;;;;;
OMP;32;64;0,003423;0,00011;0,003539;;;;;;;;;;
OMP;32;64;0,003466;0,000133;0,003605;;;;;;;;;;
OMP;32;64;0,004575;0,000129;0,004714;;;;;;;;;;
OMP;32;64;0,00264;0,000185;0,002836;;;;;;;;;;
OMP;32;64;0,002808;0,000196;0,003011;;;;;;;;;;
OMP;32;64;0,001779;0,000115;0,001899;;;;;;;;;;
;;;;;;;;;;;;;;;
OMP;32;128;0,006457;0,0005;0,006966;;;;;;;;;;
OMP;32;128;0,0073;0,000321;0,00763;;;;;;;;;;
OMP;32;128;0,006532;0,000482;0,007025;;;;;;;;;;
OMP;32;128;0,009636;0,00029;0,009933;;;;;;;;;;
OMP;32;128;0,006446;0,000294;0,006755;;;;;;;;;;
OMP;32;128;0,005241;0,000288;0,005538;;;;;;;;;;
OMP;32;128;0,005317;0,000429;0,005757;;;;;;;;;;
OMP;32;128;0,005889;0,000329;0,006229;;;;;;;;;;
OMP;32;128;0,004161;0,000396;0,004563;;;;;;;;;;
OMP;32;128;0,006728;0,000289;0,007023;;;;;;;;;;
;;;;;;;;;;;;;;;
OMP;32;256;0,012191;0,001046;0,013245;;;;;;;;;;
OMP;32;256;0,015308;0,001278;0,016596;;;;;;;;;;
OMP;32;256;0,014898;0,001113;0,01602;;;;;;;;;;
OMP;32;256;0,01472;0,001822;0,016554;;;;;;;;;;
OMP;32;256;0,015625;0,001065;0,0167;;;;;;;;;;
OMP;32;256;0,015939;0,00175;0,017699;;;;;;;;;;
OMP;32;256;0,014903;0,001047;0,015958;;;;;;;;;;
OMP;32;256;0,013333;0,001045;0,014386;;;;;;;;;;
OMP;32;256;0,016202;0,001121;0,017331;;;;;;;;;;
OMP;32;256;0,013185;0,001069;0,014262;;;;;;;;;;
;;;;;;;;;;;;;;;
OMP;32;512;0,046775;0,004072;0,050861;;;;;;;;;;
OMP;32;512;0,046694;0,005235;0,051947;;;;;;;;;;
OMP;32;512;0,047857;0,0042;0,052075;;;;;;;;;;
OMP;32;512;0,042696;0,004001;0,046713;;;;;;;;;;
OMP;32;512;0,044415;0,006612;0,05104;;;;;;;;;;
OMP;32;512;0,046615;0,006827;0,053458;;;;;;;;;;
OMP;32;512;0,0469;0,004032;0,050947;;;;;;;;;;
OMP;32;512;0,042856;0,004078;0,046948;;;;;;;;;;
OMP;32;512;0,038852;0,004006;0,042875;;;;;;;;;;
OMP;32;512;0,04408;0,003995;0,048095;;;;;;;;;;
;;;;;;;;;;;;;;;
OMP;32;1024;0,148553;0,017517;0,166091;;;;;;;;;;
OMP;32;1024;0,153622;0,021094;0,174741;;;;;;;;;;
OMP;32;1024;0,151698;0,020092;0,171811;;;;;;;;;;
OMP;32;1024;0,153419;0,015866;0,169307;;;;;;;;;;
OMP;32;1024;0,155141;0,016297;0,171458;;;;;;;;;;
OMP;32;1024;0,160364;0,01584;0,176221;;;;;;;;;;
OMP;32;1024;0,164461;0,015691;0,18017;;;;;;;;;;
OMP;32;1024;0,157229;0,024402;0,181654;;;;;;;;;;
OMP;32;1024;0,153142;0,015678;0,168842;;;;;;;;;;
OMP;32;1024;0,164119;0,015871;0,180009;;;;;;;;;;
;;;;;;;;;;;;;;;
OMP;32;2048;0,604932;0,081885;0,686838;;;;;;;;;;
OMP;32;2048;0,585328;0,081497;0,666842;;;;;;;;;;
OMP;32;2048;0,578003;0,090144;0,668173;;;;;;;;;;
OMP;32;2048;0,572761;0,080461;0,65325;;;;;;;;;;
OMP;32;2048;0,5946;0,075877;0,670499;;;;;;;;;;
OMP;32;2048;0,601357;0,086248;0,687627;;;;;;;;;;
OMP;32;2048;0,571531;0,080449;0,652002;;;;;;;;;;
OMP;32;2048;0,580651;0,081183;0,661853;;;;;;;;;;
OMP;32;2048;0,60024;0,079593;0,679853;;;;;;;;;;
OMP;32;2048;0,582302;0,078978;0,661301;;;;;;;;;;
;;;;;;;;;;;;;;;
OMP;32;4096;2,294359;0,346222;2,640621;;;;;;;;;;
OMP;32;4096;2,211972;0,376826;2,588818;;;;;;;;;;
OMP;32;4096;2,247184;0,366963;2,614169;;;;;;;;;;
OMP;32;4096;2,232855;0,361758;2,594632;;;;;;;;;;
OMP;32;4096;2,246334;0,423418;2,669774;;;;;;;;;;
OMP;32;4096;2,277436;0,362889;2,640343;;;;;;;;;;
OMP;32;4096;2,248549;0,377823;2,626392;;;;;;;;;;
OMP;32;4096;2,281806;0,334611;2,616437;;;;;;;;;;
OMP;32;4096;2,322985;0,343825;2,666834;;;;;;;;;;
OMP;32;4096;2,281131;0,352859;2,63401;;;;;;;;;;
;;;;;;;;;;;;;;;
OMP;32;8192;9,071965;1,482951;10,554937;;;;;;;;;;
OMP;32;8192;8,955918;1,549097;10,505033;;;;;;;;;;
OMP;32;8192;8,957988;1,437588;10,395597;;;;;;;;;;
OMP;32;8192;9,140742;1,451951;10,592715;;;;;;;;;;
OMP;32;8192;9,01406;1,539919;10,554;;;;;;;;;;
OMP;32;8192;9,048806;1,522368;10,57119;;;;;;;;;;
OMP;32;8192;8,98937;1,506579;10,49597;;;;;;;;;;
OMP;32;8192;8,949321;1,492125;10,441466;;;;;;;;;;
OMP;32;8192;9,075945;1,479495;10,555452;;;;;;;;;;
OMP;32;8192;9,030733;1,417656;10,448409;;;;;;;;;;
;;;;;;;;;;;;;;;
;;;;;;;;;;;;;;;
;;;;;;;;;;;;;;;
;;;;;;;;;;;;;;;
;;;;;;;;;;;;;;;
;;;;;;;;;;;;;;;
;;;;;;;;;;;;;;;
;;;;;;;;;;;;;;;
;;;;;;;;;;;;;;;
;;;;;;;;;;;;;;;
;;;;;;;;;;;;;;;
;;;;;;;;;;;;;;;
;;;;;;;;;;;;;;;
;;;;;;;;;;;;;;;
;;;;;;;;;;;;;;;
;;;;;;;;;;;;;;;
;;;;;;;;;;;;;;;
;;;;;;;;;;;;;;;
;;;;;;;;;;;;;;;
;;;;;;;;;;;;;;;
;;;;;;;;;;;;;;;
;;;;;;;;;;;;;;;
;;;;;;;;;;;;;;;
;;;;;;;;;;;;;;;
;;;;;;;;;;;;;;;
;;;;;;;;;;;;;;;
;;;;;;;;;;;;;;;
;;;;;;;;;;;;;;;
;;;;;;;;;;;;;;;
;;;;;;;;;;;;;;;
;;;;;;;;;;;;;;;
